Col1,wPre,Type
0.006,0.64166667,N
0.017,0.66666667,N
0.028,0.65277778,N
0.039,0.66944444,N
0.050,0.68055556,N
0.061,0.65277778,N
0.072,0.64444444,N
0.083,0.68888889,N
0.095,0.68611111,N
0.106,0.66388889,N
0.117,0.64166667,N
0.128,0.65277778,N
0.139,0.64722222,N
0.149,0.65555556,N
0.160,0.66944444,N
0.171,0.65000000,N
0.182,0.63333333,N
0.193,0.65000000,N
0.204,0.68333333,N
0.215,0.65000000,N
0.226,0.63333333,N
0.236,0.64166667,N
0.247,0.64722222,N
0.258,0.64722222,N
0.269,0.64166667,N
0.279,0.65277778,N
0.290,0.65277778,N
0.301,0.63888889,N
0.312,0.66111111,N
0.323,0.65555556,N
0.334,0.65277778,N
0.345,0.64166667,N
0.355,0.64722222,N
0.366,0.64722222,N
0.377,0.66111111,N
0.388,0.67222222,N
0.399,0.63888889,N
0.410,0.64444444,N
0.421,0.66111111,N
0.432,0.68333333,N
0.443,0.65833333,N
0.454,0.63611111,N
0.465,0.64444444,N
0.475,0.65833333,N
0.486,0.66111111,N
0.497,0.66944444,N
0.508,0.63611111,N
0.519,0.63888889,N
0.530,0.64444444,N
0.540,0.67222222,N
0.552,0.64444444,N
0.562,0.64166667,N
0.573,0.63888889,N
0.584,0.65555556,N
0.595,0.63611111,N
0.605,0.65833333,N
0.616,0.65555556,N
0.627,0.65000000,N
0.638,0.63611111,N
0.649,0.66944444,N
0.660,0.66388889,N
0.671,0.65000000,N
0.682,0.63611111,N
0.692,0.64722222,N
0.703,0.63888889,N
0.714,0.65555556,N
0.725,0.66944444,N
0.736,0.63333333,N
0.746,0.63333333,N
0.757,0.64722222,N
0.768,0.68333333,N
0.779,0.64722222,N
0.790,0.63333333,N
0.800,0.63888889,N
0.811,0.65833333,N
0.822,0.65833333,N
0.833,0.66111111,N
0.844,0.64722222,N
0.855,0.65000000,N
0.866,0.63888889,N
0.876,0.67777778,N
0.888,0.64722222,N
0.898,0.64722222,N
0.909,0.62777778,N
0.920,0.64166667,N
0.930,0.62777778,N
0.941,0.64722222,N
0.952,0.64444444,N
0.962,0.63611111,N
0.973,0.62222222,N
0.983,0.64444444,N
0.994,0.65277778,N
1.005,0.64166667,N
1.016,0.62777778,N
1.026,0.63888889,N
1.037,0.64444444,N
1.047,0.65277778,N
1.058,0.66111111,N
1.069,0.63611111,N
1.080,0.64166667,N
1.091,0.63333333,N
1.101,0.66944444,N
1.112,0.63611111,N
1.123,0.63888889,N
1.134,0.63055556,N
1.144,0.63888889,N
1.155,0.62500000,N
1.165,0.65555556,N
1.176,0.65277778,N
1.187,0.63611111,N
1.198,0.61944444,N
1.208,0.66388889,N
1.219,0.66388889,N
1.230,0.65277778,N
1.241,0.62500000,N
1.251,0.64166667,N
1.262,0.64166667,N
1.273,0.64722222,N
1.283,0.66944444,N
1.295,0.64166667,N
1.305,0.63333333,N
1.316,0.64166667,N
1.327,0.67222222,N
1.338,0.64444444,N
1.349,0.63611111,N
1.359,0.63888889,N
1.370,0.66111111,N
1.381,0.64166667,N
1.391,0.65277778,N
1.402,0.64166667,N
1.413,0.64722222,N
1.424,0.62500000,N
1.434,0.65833333,N
1.445,0.65277778,N
1.456,0.64722222,N
1.467,0.62222222,N
1.477,0.63888889,N
1.488,0.63333333,N
1.498,0.65277778,N
1.509,0.65277778,N
1.520,0.63333333,N
1.531,0.62500000,N
1.541,0.63611111,N
1.552,0.65833333,N
1.563,0.64444444,N
1.574,0.63333333,N
1.584,0.62222222,N
1.594,0.65000000,N
1.605,0.63888889,N
1.616,0.65555556,N
1.627,0.65000000,N
1.638,0.63888889,N
1.648,0.63333333,N
1.659,0.66111111,N
1.670,0.65833333,N
1.681,0.65277778,N
1.692,0.62500000,N
1.702,0.63888889,N
1.713,0.63055556,N
1.723,0.65277778,N
1.734,0.65555556,N
1.745,0.63333333,N
1.756,0.63333333,N
1.766,0.65000000,N
1.777,0.67500000,N
1.788,0.64444444,N
1.799,0.63888889,N
1.810,0.64722222,N
1.821,0.65000000,N
1.831,0.64444444,N
1.842,0.65555556,N
1.853,0.65555556,N
1.864,0.64722222,N
1.875,0.63611111,N
1.885,0.66388889,N
1.896,0.66944444,N
1.908,0.65833333,N
1.919,0.63611111,N
1.929,0.64444444,N
1.940,0.64444444,N
1.951,0.65555556,N
1.962,0.67777778,N
1.973,0.63888889,N
1.983,0.62777778,N
1.994,0.64722222,N
2.005,0.67777778,N
2.016,0.65000000,N
2.027,0.63055556,N
2.037,0.63333333,N
2.048,0.65000000,N
2.059,0.64444444,N
2.069,0.64166667,N
2.080,0.64166667,N
2.091,0.63333333,N
2.101,0.61111111,N
2.112,0.63611111,N
2.122,0.66111111,N
2.133,0.65000000,N
2.144,0.64166667,N
2.155,0.65000000,N
2.166,0.64722222,N
2.176,0.65833333,N
2.187,0.66388889,N
2.198,0.63611111,N
2.209,0.63888889,N
2.220,0.65555556,N
2.231,0.67777778,N
2.242,0.65555556,N
2.253,0.64444444,N
2.264,0.64722222,N
2.274,0.65833333,N
2.285,0.67222222,N
2.297,0.67222222,N
2.308,0.64444444,N
2.318,0.64444444,N
2.329,0.64444444,N
2.340,0.67777778,N
2.351,0.65277778,N
2.362,0.65555556,N
2.373,0.63888889,N
2.384,0.65833333,N
2.395,0.64722222,N
2.405,0.66666667,N
2.417,0.65000000,N
2.427,0.64722222,N
2.438,0.63888889,N
2.449,0.67777778,N
2.460,0.65555556,N
2.471,0.65000000,N
2.482,0.63611111,N
2.493,0.64444444,N
2.503,0.63611111,N
2.514,0.65277778,N
2.525,0.66111111,N
2.536,0.63888889,N
2.546,0.62500000,N
2.557,0.65277778,N
2.568,0.67222222,N
2.579,0.63888889,N
2.590,0.62777778,N
2.600,0.63888889,N
2.611,0.65000000,N
2.621,0.65555556,N
2.632,0.66388889,N
2.643,0.64444444,N
2.654,0.64722222,N
2.665,0.63611111,N
2.676,0.66666667,N
2.687,0.64722222,N
2.697,0.64166667,N
2.708,0.63055556,N
2.719,0.64444444,N
2.729,0.63055556,N
2.740,0.64722222,N
2.751,0.65000000,N
2.762,0.64444444,N
2.772,0.62777778,N
2.783,0.65555556,N
2.794,0.66666667,N
2.805,0.65555556,N
2.816,0.63333333,N
2.826,0.64722222,N
2.837,0.65000000,N
2.848,0.65833333,N
2.859,0.66666667,N
2.870,0.64166667,N
2.881,0.64722222,N
2.891,0.66111111,N
2.902,0.68055556,N
2.914,0.64444444,N
2.925,0.63055556,N
2.935,0.64166667,N
2.946,0.64722222,N
2.957,0.64722222,N
2.967,0.66388889,N
2.978,0.63333333,N
2.989,0.64444444,N
3.000,0.63333333,N
3.010,0.67500000,N
3.022,0.65000000,N
3.032,0.65277778,N
3.043,0.64166667,N
3.054,0.65277778,N
3.065,0.63888889,N
3.075,0.66388889,N
3.087,0.66111111,N
3.098,0.65000000,N
3.108,0.62500000,N
3.119,0.65555556,N
3.130,0.66111111,N
3.141,0.64722222,N
3.152,0.62500000,N
3.162,0.63888889,N
3.173,0.63888889,N
3.183,0.64722222,N
3.194,0.65277778,N
3.205,0.63055556,N
3.215,0.63055556,N
3.226,0.63888889,N
3.237,0.67500000,N
3.248,0.64444444,N
3.259,0.63888889,N
3.269,0.63055556,N
3.280,0.65833333,N
3.291,0.63333333,N
3.301,0.65555556,N
3.312,0.64722222,N
3.323,0.64166667,N
3.334,0.62222222,N
3.344,0.65277778,N
3.355,0.66111111,N
3.366,0.65277778,N
3.377,0.62500000,N
3.387,0.64444444,N
3.398,0.64722222,N
3.409,0.66111111,N
3.420,0.66944444,N
3.431,0.65277778,N
3.442,0.65555556,N
3.453,0.65277778,N
3.464,0.67222222,N
3.475,0.65000000,N
3.486,0.64444444,N
3.496,0.64166667,N
3.507,0.64722222,N
3.518,0.64444444,N
3.529,0.64722222,N
3.539,0.64722222,N
3.550,0.64166667,N
3.561,0.62500000,N
3.571,0.66111111,N
3.582,0.65555556,N
3.593,0.65277778,N
3.604,0.62777778,N
3.615,0.64722222,N
3.625,0.64722222,N
3.636,0.67222222,N
3.647,0.66944444,N
3.659,0.64166667,N
3.669,0.63055556,N
3.680,0.66388889,N
3.691,0.66944444,N
3.702,0.65000000,N
3.713,0.63055556,N
3.723,0.65000000,N
3.734,0.65000000,N
3.745,0.65000000,N
3.756,0.66111111,N
3.767,0.64722222,N
3.778,0.63611111,N
3.788,0.64166667,N
3.799,0.66111111,N
3.810,0.65833333,N
3.821,0.65000000,N
3.832,0.64722222,N
3.842,0.65833333,N
3.853,0.63888889,N
3.864,0.65833333,N
3.875,0.66944444,N
3.886,0.65277778,N
3.897,0.63611111,N
3.908,0.65833333,N
3.919,0.67222222,N
3.930,0.65000000,N
3.941,0.62777778,N
3.951,0.64444444,N
3.962,0.64166667,N
3.973,0.66111111,N
3.984,0.67222222,N
3.995,0.64166667,N
4.006,0.64722222,N
4.016,0.66388889,N
4.027,0.68888889,N
4.039,0.66666667,N
4.050,0.64722222,N
4.061,0.65555556,N
4.072,0.66388889,N
4.083,0.67777778,N
4.094,0.67777778,N
4.105,0.65277778,N
4.116,0.65277778,N
4.127,0.66388889,N
4.138,0.68611111,N
4.150,0.65833333,N
4.161,0.65000000,N
4.171,0.66111111,N
4.182,0.66666667,N
4.194,0.67500000,N
4.205,0.68055556,N
4.216,0.66111111,N
4.227,0.66666667,N
4.238,0.66388889,N
4.249,0.69722222,N
4.261,0.66111111,N
4.272,0.65555556,N
4.283,0.66111111,N
4.294,0.66666667,N
4.305,0.66388889,N
4.316,0.67500000,N
4.327,0.65277778,N
4.338,0.65000000,N
4.349,0.65555556,N
4.360,0.68333333,N
4.371,0.66666667,N
4.383,0.65000000,N
4.393,0.65000000,N
4.404,0.66666667,N
4.415,0.66111111,N
4.426,0.67222222,N
4.438,0.66666667,N
4.449,0.65277778,N
4.459,0.64444444,N
4.470,0.66944444,N
4.481,0.66111111,N
4.492,0.64166667,N
4.503,0.63333333,N
4.514,0.64444444,N
4.524,0.63333333,N
4.535,0.63888889,N
4.546,0.64722222,N
4.556,0.62777778,N
4.567,0.62222222,N
4.577,0.63611111,N
4.588,0.65555556,N
4.599,0.63611111,N
4.609,0.62500000,N
4.620,0.63055556,N
4.630,0.64166667,N
4.641,0.64722222,N
4.652,0.65000000,N
4.663,0.63333333,N
4.673,0.63333333,N
4.684,0.62222222,N
4.694,0.65000000,N
4.705,0.65000000,N
4.716,0.64444444,N
4.726,0.61666667,N
4.737,0.62777778,N
4.747,0.63333333,N
4.758,0.65555556,N
4.769,0.66666667,N
4.780,0.62777778,N
4.790,0.63333333,N
4.801,0.65000000,N
4.812,0.67500000,N
4.823,0.63888889,N
4.834,0.63888889,N
4.844,0.63333333,N
4.855,0.64722222,N
4.866,0.63611111,N
4.876,0.65277778,N
4.887,0.63611111,N
4.898,0.63888889,N
4.908,0.61944444,N
4.919,0.65277778,N
4.929,0.64444444,N
4.940,0.64444444,N
4.951,0.62500000,N
4.961,0.63888889,N
4.972,0.63611111,N
4.983,0.64444444,N
4.993,0.66111111,N
5.004,0.63611111,N
5.015,0.64166667,N
5.026,0.63333333,N
5.036,0.67777778,N
5.048,0.63888889,N
5.058,0.63611111,N
5.069,0.63888889,N
5.079,0.65277778,N
5.090,0.63611111,N
5.101,0.65833333,N
5.112,0.65277778,N
5.123,0.64722222,N
5.134,0.62222222,N
5.144,0.66666667,N
5.155,0.66388889,N
5.166,0.65555556,N
5.177,0.63055556,N
5.188,0.65000000,N
5.198,0.65277778,N
5.209,0.66666667,N
5.220,0.66944444,N
5.232,0.66388889,N
5.243,0.64166667,N
5.253,0.66944444,N
5.264,0.67500000,N
5.276,0.65833333,N
5.287,0.63888889,N
5.297,0.65555556,N
5.308,0.65555556,N
5.319,0.66944444,N
5.330,0.66388889,N
5.341,0.64166667,N
5.352,0.64722222,N
5.363,0.65833333,N
5.374,0.67777778,N
5.385,0.65277778,N
5.396,0.64722222,N
5.407,0.65000000,N
5.418,0.66388889,N
5.429,0.66666667,N
5.440,0.67500000,N
5.451,0.65833333,N
5.462,0.65277778,N
5.473,0.65277778,N
5.484,0.68611111,N
5.495,0.66666667,N
5.506,0.65833333,N
5.517,0.64166667,N
5.528,0.65277778,N
5.539,0.64166667,N
5.550,0.66666667,N
5.561,0.65277778,N
5.572,0.65277778,N
5.582,0.64722222,N
5.593,0.69166667,N
5.605,0.67222222,N
5.616,0.66388889,N
5.627,0.65000000,N
5.638,0.66944444,N
5.649,0.65000000,N
5.660,0.66388889,N
5.671,0.66944444,N
5.682,0.65833333,N
5.693,0.63611111,N
5.704,0.66944444,N
5.715,0.66944444,N
5.726,0.65555556,N
5.737,0.63611111,N
5.747,0.65833333,N
5.758,0.66111111,N
5.769,0.67222222,N
5.781,0.67777778,N
5.792,0.66666667,N
5.803,0.65000000,N
5.814,0.68333333,N
5.825,0.68333333,N
5.837,0.67500000,N
5.848,0.65000000,N
5.859,0.66111111,N
5.870,0.66388889,N
5.881,0.68888889,N
5.892,0.69166667,N
5.904,0.66944444,N
5.915,0.65555556,N
5.926,0.67777778,N
5.937,0.68055556,N
5.949,0.67777778,N
5.960,0.65000000,N
5.971,0.66111111,N
5.982,0.65833333,N
5.993,0.68055556,N
6.004,0.68333333,N
6.015,0.66666667,N
6.027,0.65555556,N
6.037,0.69166667,N
6.049,0.68888889,N
6.061,0.67777778,N
6.072,0.66388889,N
6.083,0.67500000,N
6.094,0.66666667,N
6.105,0.69166667,N
6.117,0.68888889,N
6.128,0.66666667,N
6.139,0.65833333,N
6.150,0.68611111,N
6.162,0.68333333,N
6.173,0.67500000,N
6.184,0.65277778,N
6.195,0.66388889,N
6.206,0.65555556,N
6.217,0.67777778,N
6.229,0.68888889,N
6.240,0.66388889,N
6.251,0.64166667,N
6.262,0.66666667,N
6.273,0.68055556,N
6.284,0.65833333,N
6.295,0.63055556,N
6.306,0.64166667,N
6.316,0.64444444,N
6.327,0.65555556,N
6.338,0.65833333,N
6.349,0.64166667,N
6.360,0.63333333,N
6.370,0.64722222,N
6.381,0.67222222,N
6.392,0.65277778,N
6.403,0.64444444,N
6.414,0.65000000,N
6.425,0.66388889,N
6.436,0.66666667,N
6.447,0.66388889,N
6.458,0.65833333,N
6.469,0.65000000,N
6.480,0.65000000,N
6.491,0.67500000,N
6.502,0.66666667,N
6.513,0.66111111,N
6.524,0.64166667,N
6.535,0.64444444,N
6.545,0.64444444,N
6.556,0.65555556,N
6.567,0.66666667,N
6.578,0.63888889,N
6.589,0.63888889,N
6.600,0.65277778,N
6.610,0.67222222,N
6.622,0.65277778,N
6.633,0.64444444,N
6.643,0.65000000,N
6.654,0.65833333,N
6.676,0.68055556,N
6.698,0.64722222,N
6.709,0.65555556,N
6.720,0.68333333,N
6.732,0.65000000,N
6.742,0.64722222,N
6.753,0.64722222,N
6.764,0.66944444,N
6.775,0.66388889,N
6.786,0.67500000,N
6.797,0.66388889,N
6.831,0.70000000,N
6.842,0.66388889,N
6.853,0.65555556,N
6.864,0.65277778,N
6.875,0.67222222,N
6.886,0.65277778,N
6.897,0.66666667,N
6.908,0.65833333,N
6.919,0.65277778,N
6.930,0.63888889,N
6.941,0.66944444,N
6.952,0.66944444,N
6.963,0.65833333,N
6.974,0.64444444,N
6.985,0.67500000,N
6.996,0.65277778,N
7.007,0.66944444,N
7.018,0.67500000,N
7.029,0.66666667,N
7.041,0.65000000,N
7.051,0.67777778,N
7.063,0.68055556,N
7.074,0.66666667,N
7.085,0.63888889,N
7.096,0.65833333,N
7.107,0.65833333,N
7.118,0.66666667,N
7.129,0.68333333,N
7.140,0.66388889,N
7.151,0.66111111,N
7.162,0.69444444,N
7.174,0.69444444,N
7.185,0.68611111,N
7.197,0.66388889,N
7.208,0.67777778,N
7.219,0.66666667,N
7.230,0.68611111,N
7.242,0.68055556,N
7.253,0.66666667,N
7.264,0.65833333,N
7.275,0.68333333,N
7.287,0.67222222,N
7.298,0.66944444,N
7.309,0.65000000,N
7.320,0.65833333,N
7.331,0.64722222,N
7.342,0.66388889,N
7.353,0.67222222,N
7.364,0.65555556,N
7.375,0.63611111,N
7.385,0.67222222,N
7.397,0.67500000,N
7.408,0.65833333,N
7.419,0.64444444,N
7.429,0.65555556,N
7.440,0.65000000,N
7.451,0.66666667,N
7.462,0.67777778,N
7.474,0.65277778,N
7.485,0.64166667,N
7.495,0.66388889,N
7.506,0.68333333,N
7.518,0.65277778,N
7.529,0.63611111,N
7.539,0.64166667,N
7.550,0.65555556,N
7.561,0.66666667,N
7.572,0.66944444,N
7.583,0.64444444,N
7.594,0.64444444,N
7.605,0.65277778,N
7.615,0.68611111,N
7.627,0.65555556,N
7.638,0.64444444,N
7.649,0.65000000,N
7.659,0.66388889,N
7.670,0.65833333,N
7.681,0.66388889,N
7.692,0.64166667,N
7.703,0.65555556,N
7.714,0.63611111,N
7.725,0.66666667,N
7.736,0.64722222,N
7.747,0.65000000,N
7.757,0.63611111,N
7.768,0.65000000,N
7.779,0.63333333,N
7.789,0.65833333,N
7.800,0.65555556,N
7.811,0.64722222,N
7.822,0.62777778,N
7.833,0.66388889,N
7.844,0.66388889,N
7.855,0.65277778,N
7.866,0.62500000,N
7.876,0.63611111,N
7.887,0.63888889,N
7.897,0.65000000,N
7.908,0.66111111,N
7.919,0.63055556,N
7.930,0.62500000,N
7.940,0.63333333,N
7.951,0.66944444,N
7.962,0.63888889,N
7.972,0.63611111,N
7.983,0.63055556,N
7.993,0.64722222,N
8.004,0.62777778,N
8.015,0.65277778,N
8.026,0.65000000,N
8.036,0.64722222,N
8.047,0.62222222,N
8.058,0.65555556,N
8.069,0.66666667,N
8.080,0.64722222,N
8.090,0.63055556,N
8.101,0.64722222,N
8.112,0.64166667,N
8.122,0.65277778,N
8.133,0.65555556,N
8.144,0.64444444,N
8.155,0.63888889,N
8.166,0.63888889,N
8.176,0.66388889,N
8.187,0.64722222,N
8.198,0.64444444,N
8.209,0.63333333,N
8.219,0.65555556,N
8.230,0.64444444,N
8.241,0.65833333,N
8.252,0.65833333,N
8.263,0.64444444,N
8.274,0.62777778,N
8.284,0.65833333,N
8.295,0.66666667,N
8.306,0.65555556,N
8.317,0.61944444,N
8.328,0.64166667,N
8.338,0.63888889,N
8.349,0.65833333,N
8.360,0.65833333,N
8.371,0.63611111,N
8.381,0.63888889,N
8.392,0.64444444,N
8.403,0.66666667,N
8.414,0.64444444,N
8.425,0.63611111,N
8.435,0.64166667,N
8.446,0.64722222,N
8.457,0.64722222,N
8.468,0.65277778,N
8.478,0.64444444,N
8.489,0.63888889,N
8.500,0.63333333,N
8.510,0.65277778,N
8.521,0.64166667,N
8.532,0.63611111,N
8.543,0.62222222,N
8.553,0.63333333,N
8.563,0.62777778,N
8.574,0.64722222,N
8.585,0.65833333,N
8.596,0.62777778,N
8.606,0.62222222,N
8.617,0.64444444,N
8.627,0.66944444,N
8.638,0.64722222,N
8.649,0.62500000,N
8.660,0.63055556,N
8.670,0.64444444,N
8.681,0.63888889,N
8.692,0.64166667,N
8.702,0.63611111,N
8.713,0.62500000,N
8.723,0.61666667,N
8.734,0.64722222,N
8.744,0.65277778,N
8.755,0.63611111,N
8.766,0.61944444,N
8.776,0.63333333,N
8.787,0.63611111,N
8.797,0.64722222,N
8.808,0.65833333,N
8.819,0.63333333,N
8.830,0.63333333,N
8.840,0.65000000,N
8.851,0.66944444,N
8.862,0.64166667,N
8.873,0.63055556,N
8.883,0.63888889,N
8.894,0.64166667,N
8.905,0.64722222,N
8.915,0.64722222,N
8.926,0.63333333,N
8.937,0.63333333,N
8.947,0.62777778,N
8.958,0.65277778,N
8.969,0.65000000,N
8.980,0.64166667,N
8.990,0.63055556,N
9.001,0.63055556,N
9.011,0.63055556,N
9.022,0.65277778,N
9.033,0.67222222,N
9.044,0.63611111,N
9.054,0.62500000,N
9.065,0.65277778,N
9.076,0.66388889,N
9.087,0.64722222,N
9.098,0.62500000,N
9.108,0.63888889,N
9.119,0.64166667,N
9.129,0.64722222,N
9.140,0.65555556,N
9.151,0.63611111,N
9.162,0.62777778,N
9.172,0.63611111,N
9.183,0.66111111,N
9.194,0.63888889,N
9.204,0.63055556,N
9.215,0.63333333,N
9.225,0.65000000,N
9.236,0.63611111,N
9.247,0.64444444,N
9.258,0.64722222,N
9.268,0.63333333,N
9.279,0.61944444,N
9.289,0.64444444,N
9.300,0.65833333,N
9.311,0.63333333,N
9.322,0.61666667,N
9.332,0.62500000,N
9.342,0.63055556,N
9.353,0.63888889,N
9.363,0.64722222,N
9.374,0.63055556,N
9.385,0.62777778,N
9.395,0.62500000,N
9.406,0.65277778,N
9.416,0.65277778,N
9.427,0.64444444,N
9.438,0.62777778,N
9.449,0.63333333,N
9.459,0.63055556,N
9.470,0.64166667,N
9.480,0.65277778,N
9.491,0.62222222,N
9.502,0.62500000,N
9.512,0.63888889,N
9.523,0.65555556,N
9.534,0.63333333,N
9.544,0.62500000,N
9.555,0.63055556,N
9.565,0.65000000,N
9.576,0.65000000,N
9.587,0.66388889,N
9.598,0.64444444,N
9.609,0.65277778,N
9.619,0.65277778,N
9.630,0.67777778,N
9.642,0.66388889,N
9.653,0.65833333,N
9.664,0.65277778,N
9.674,0.66111111,N
9.686,0.65000000,N
9.696,0.66944444,N
9.707,0.67222222,N
9.719,0.65277778,N
9.730,0.63888889,N
9.740,0.66666667,N
9.751,0.67222222,N
9.763,0.66388889,N
9.774,0.64722222,N
9.784,0.65833333,N
9.795,0.65277778,N
9.806,0.66666667,N
9.817,0.68333333,N
9.829,0.65277778,N
9.840,0.63888889,N
9.850,0.66111111,N
9.861,0.68055556,N
9.873,0.65000000,N
9.883,0.63333333,N
9.894,0.64166667,N
9.905,0.65555556,N
9.916,0.65277778,N
9.927,0.65555556,N
9.937,0.63888889,N
9.948,0.65000000,N
9.959,0.64722222,N
9.970,0.68333333,N
9.981,0.65277778,N
9.992,0.65277778,N
10.003,0.65000000,N
10.014,0.67222222,N
10.025,0.66666667,N
10.036,0.67777778,N
10.047,0.65833333,N
10.058,0.65833333,N
10.069,0.65277778,N
10.080,0.68333333,N
10.092,0.66111111,N
10.103,0.66944444,N
10.114,0.64444444,N
10.124,0.66388889,N
10.136,0.65000000,N
10.146,0.67222222,N
10.158,0.66111111,N
10.169,0.65833333,N
10.180,0.64166667,N
10.190,0.67777778,N
10.202,0.66388889,N
10.213,0.66111111,N
10.224,0.64444444,N
10.234,0.66111111,N
10.245,0.64444444,N
10.256,0.66944444,N
10.267,0.66388889,N
10.278,0.65277778,N
10.289,0.63611111,N
10.300,0.67222222,N
10.311,0.67222222,N
10.322,0.65555556,N
10.333,0.63611111,N
10.344,0.65277778,N
10.355,0.64722222,N
10.365,0.66666667,N
10.377,0.66944444,N
10.388,0.65000000,N
10.399,0.63333333,N
10.409,0.66111111,N
10.420,0.68611111,N
10.432,0.65833333,N
10.443,0.63611111,N
10.453,0.65555556,N
10.464,0.65555556,N
10.475,0.66944444,N
10.486,0.66944444,N
10.497,0.65000000,N
10.508,0.65555556,N
10.519,0.64722222,N
10.530,0.68055556,N
10.541,0.65833333,N
10.552,0.64444444,N
10.563,0.65277778,N
10.574,0.65833333,N
10.585,0.66666667,N
10.596,0.66944444,N
10.607,0.64722222,N
10.618,0.65555556,N
10.629,0.65277778,N
10.640,0.68055556,N
10.651,0.65277778,N
10.662,0.65000000,N
10.673,0.63611111,N
10.683,0.65277778,N
10.694,0.63888889,N
10.705,0.66111111,N
10.716,0.63888889,N
10.726,0.63888889,N
10.737,0.62500000,N
10.748,0.66111111,N
10.759,0.65277778,N
10.769,0.64722222,N
10.780,0.62777778,N
10.791,0.64722222,N
10.801,0.63611111,N
10.812,0.66666667,N
10.823,0.66944444,N
10.834,0.65555556,N
10.845,0.64166667,N
10.856,0.66944444,N
10.867,0.67777778,N
10.878,0.65277778,N
10.889,0.63611111,N
10.900,0.65555556,N
10.911,0.64166667,N
10.921,0.65555556,N
10.932,0.65833333,N
10.943,0.64166667,N
10.954,0.63333333,N
10.965,0.63611111,N
10.975,0.67500000,N
10.986,0.65000000,N
10.997,0.63888889,N
11.008,0.63055556,N
11.018,0.66111111,N
11.029,0.64722222,N
11.040,0.65833333,N
11.051,0.65555556,N
11.062,0.65277778,N
11.073,0.63333333,N
11.084,0.67222222,N
11.095,0.66944444,N
11.106,0.66111111,N
11.117,0.63333333,N
11.128,0.64166667,N
11.138,0.64166667,N
11.149,0.65833333,N
11.160,0.66111111,N
11.171,0.64444444,N
11.182,0.63333333,N
11.192,0.65833333,N
11.203,0.66666667,N
11.214,0.65277778,N
11.225,0.63611111,N
11.236,0.64722222,N
11.247,0.64722222,N
11.257,0.66111111,N
11.268,0.65555556,N
11.279,0.65277778,N
11.290,0.64166667,N
11.301,0.64722222,N
11.312,0.65833333,N
11.323,0.63888889,N
11.333,0.63611111,N
11.344,0.62777778,N
11.354,0.63333333,N
11.365,0.62777778,N
11.375,0.65277778,N
11.386,0.66111111,N
11.397,0.63888889,N
11.408,0.63055556,N
11.418,0.66111111,N
11.429,0.67777778,N
11.441,0.65277778,N
11.452,0.62500000,N
11.462,0.64722222,N
11.473,0.64722222,N
11.484,0.66111111,N
11.495,0.65833333,N
11.506,0.64444444,N
11.516,0.63611111,N
11.527,0.64722222,N
11.538,0.67500000,N
11.549,0.64722222,N
11.560,0.63611111,N
11.570,0.65555556,N
11.581,0.66388889,N
11.592,0.65833333,N
11.603,0.65833333,N
11.614,0.66388889,N
11.625,0.66111111,N
11.636,0.65000000,N
11.647,0.67777778,N
11.659,0.67222222,N
11.670,0.65555556,N
11.681,0.65000000,N
11.691,0.66111111,N
11.703,0.65555556,N
11.713,0.66388889,N
11.724,0.65833333,N
11.735,0.65000000,N
11.746,0.64444444,N
11.757,0.66388889,N
11.768,0.67500000,N
11.779,0.65833333,N
11.790,0.63888889,N
11.801,0.65000000,N
11.812,0.64722222,N
11.823,0.67777778,N
11.834,0.67500000,N
11.845,0.64444444,N
11.856,0.64444444,N
11.867,0.66388889,N
11.878,0.67222222,N
11.889,0.65277778,N
11.900,0.63888889,N
11.910,0.64444444,N
11.921,0.63888889,N
11.932,0.65833333,N
11.943,0.66666667,N
11.954,0.63333333,N
11.964,0.63333333,N
11.975,0.65000000,N
11.986,0.67222222,N
11.997,0.63888889,N
12.008,0.63611111,N
12.018,0.65277778,N
12.029,0.65555556,N
12.040,0.66111111,N
12.051,0.66666667,N
12.062,0.65555556,N
12.073,0.65277778,N
12.084,0.65000000,N
12.095,0.68333333,N
12.106,0.65833333,N
12.117,0.64444444,N
12.128,0.64444444,N
12.139,0.65000000,N
12.150,0.65000000,N
12.160,0.65555556,N
12.171,0.65833333,N
12.182,0.65000000,N
12.193,0.63611111,N
12.204,0.66111111,N
12.215,0.66944444,N
12.226,0.65277778,N
12.237,0.63611111,N
12.247,0.63888889,N
12.258,0.64166667,N
12.269,0.65277778,N
12.280,0.66111111,N
12.291,0.63611111,N
12.301,0.63333333,N
12.312,0.65000000,N
12.323,0.66111111,N
12.334,0.64166667,N
12.344,0.62777778,N
12.355,0.63611111,N
12.365,0.64444444,N
12.376,0.66111111,N
12.387,0.66666667,N
12.398,0.63888889,N
12.409,0.63888889,N
12.420,0.65000000,N
12.430,0.67777778,N
12.442,0.64444444,N
12.452,0.65000000,N
12.463,0.64166667,N
12.474,0.64722222,N
12.485,0.64444444,N
12.495,0.65833333,N
12.506,0.65277778,N
12.517,0.63611111,N
12.528,0.62500000,N
12.538,0.65277778,N
12.549,0.65555556,N
12.560,0.64722222,N
12.571,0.63055556,N
12.581,0.63611111,N
12.592,0.63611111,N
12.603,0.64722222,N
12.613,0.67222222,N
12.625,0.64166667,N
12.635,0.63611111,N
12.646,0.65555556,N
12.657,0.68333333,N
12.668,0.65000000,N
12.679,0.64166667,N
12.690,0.64444444,N
12.701,0.66666667,N
12.712,0.65833333,N
12.723,0.66388889,N
12.734,0.64722222,N
12.744,0.65277778,N
12.755,0.65555556,N
12.766,0.68611111,N
12.778,0.66388889,N
12.789,0.66111111,N
12.800,0.65277778,N
12.811,0.67222222,N
12.822,0.66111111,N
12.833,0.68055556,N
12.844,0.66666667,N
12.855,0.66666667,N
12.866,0.65000000,N
12.877,0.67777778,N
12.889,0.66944444,N
12.900,0.66666667,N
12.911,0.64444444,N
12.922,0.65555556,N
12.932,0.65277778,N
12.943,0.67222222,N
12.955,0.66944444,N
12.966,0.65833333,N
12.977,0.63888889,N
12.987,0.67222222,N
12.999,0.66944444,N
13.010,0.66111111,N
13.021,0.64722222,N
13.032,0.65277778,N
13.042,0.64722222,N
13.053,0.66666667,N
13.064,0.67222222,N
13.076,0.65000000,N
13.086,0.63333333,N
13.097,0.66111111,N
13.108,0.67500000,N
13.119,0.64444444,N
13.130,0.63611111,N
13.141,0.64444444,N
13.151,0.65000000,N
13.162,0.65833333,N
13.173,0.66666667,N
13.184,0.63888889,N
13.195,0.63888889,N
13.205,0.63888889,N
13.216,0.67777778,N
13.227,0.64444444,N
13.238,0.64722222,N
13.249,0.63611111,N
13.260,0.65277778,N
13.270,0.63611111,N
13.281,0.65277778,N
13.292,0.64722222,N
13.303,0.63888889,N
13.313,0.61944444,N
13.324,0.65277778,N
13.335,0.65833333,N
13.346,0.64722222,N
13.356,0.61944444,N
13.367,0.64166667,N
13.377,0.63888889,N
13.388,0.66111111,N
13.399,0.66388889,N
13.410,0.63333333,N
13.421,0.63888889,N
13.431,0.65833333,N
13.442,0.67777778,N
13.454,0.65000000,N
13.464,0.62777778,N
13.475,0.64444444,N
13.486,0.65000000,N
13.496,0.65833333,N
13.507,0.66111111,N
13.518,0.63333333,N
13.529,0.63888889,N
13.540,0.63888889,N
13.550,0.66944444,N
13.561,0.63888889,N
13.572,0.64722222,N
13.583,0.63611111,N
13.593,0.65000000,N
13.604,0.64166667,N
13.615,0.66388889,N
13.626,0.65555556,N
13.637,0.65555556,N
13.648,0.63333333,N
13.658,0.66944444,N
13.670,0.66111111,N
13.681,0.65277778,N
13.691,0.64444444,N
13.702,0.65833333,N
13.713,0.63888889,N
13.724,0.66666667,N
13.735,0.66944444,N
13.746,0.65555556,N
13.757,0.63888889,N
13.768,0.67222222,N
13.779,0.68611111,N
13.790,0.66944444,N
13.801,0.64444444,N
13.812,0.66666667,N
13.823,0.66388889,N
13.834,0.68333333,N
13.846,0.68333333,N
13.857,0.67222222,N
13.868,0.64722222,N
13.879,0.68611111,N
13.891,0.68055556,N
13.902,0.67222222,N
13.913,0.64166667,N
13.924,0.65833333,N
13.935,0.65000000,N
13.946,0.66944444,N
13.957,0.67500000,N
13.968,0.65555556,N
13.979,0.64444444,N
13.990,0.66666667,N
14.001,0.67777778,N
14.012,0.66944444,N
14.023,0.64444444,N
14.034,0.65555556,N
14.045,0.65555556,N
14.056,0.67500000,N
14.067,0.67777778,N
14.078,0.60555556,N
14.098,0.48333333,J
14.106,0.53611111,J
14.115,0.48055556,J
14.123,0.46111111,J
14.131,0.54722222,J
14.140,0.54444444,J
14.149,0.58611111,J
14.159,0.61666667,J
14.169,0.58888889,J
14.179,0.63611111,J
14.190,0.64166667,J
14.200,0.55277778,J
14.210,0.53333333,J
14.218,0.61388889,J
14.229,0.65000000,J
14.239,0.67222222,J
14.251,0.66111111,J
14.262,0.64722222,J
14.273,0.53888889,J
14.281,0.56666667,J
14.291,0.63055556,J
14.301,0.52777778,J
14.310,0.53055556,J
14.319,0.56944444,J
14.329,0.55000000,J
14.338,0.52500000,J
14.346,0.48611111,J
14.355,0.45000000,J
14.362,0.41666667,J
14.369,0.43055556,J
14.376,0.44166667,J
14.384,0.46388889,J
14.391,0.50833333,J
14.400,0.42777778,J
14.407,0.45833333,J
14.415,0.45555556,J
14.422,0.45000000,J
14.430,0.42500000,J
14.437,0.41944444,J
14.444,0.45000000,J
14.451,0.43888889,J
14.459,0.42500000,J
14.466,0.41111111,J
14.472,0.43888889,J
14.480,0.45833333,J
14.487,0.41388889,J
14.494,0.41666667,J
14.501,0.39444444,J
14.508,0.41111111,J
14.531,0.73055556,N
14.543,0.69166667,N
14.555,0.70833333,N
14.567,0.69722222,N
14.578,0.68611111,N
14.590,0.66666667,N
14.601,0.67777778,N
14.612,0.68333333,N
14.624,0.68888889,N
14.635,0.68333333,N
14.646,0.67500000,N
14.658,0.66944444,N
14.669,0.69722222,N
14.681,0.67500000,N
14.692,0.66666667,N
14.703,0.66944444,N
14.714,0.67777778,N
14.725,0.66944444,N
14.736,0.67777778,N
14.748,0.67222222,N
14.759,0.65833333,N
14.770,0.66944444,N
14.781,0.70000000,N
14.793,0.66944444,N
14.804,0.66666667,N
14.815,0.66944444,N
14.826,0.67777778,N
14.838,0.67222222,N
14.849,0.68333333,N
14.860,0.66666667,N
14.871,0.65555556,N
14.882,0.65833333,N
14.893,0.69166667,N
14.905,0.66944444,N
14.916,0.65000000,N
14.927,0.64166667,N
14.937,0.66388889,N
14.948,0.65833333,N
14.959,0.66666667,N
14.970,0.66111111,N
14.981,0.64722222,N
14.992,0.65277778,N
15.003,0.67777778,N
15.014,0.66666667,N
15.026,0.65277778,N
15.036,0.63888889,N
15.047,0.65555556,N
15.058,0.64722222,N
15.069,0.65555556,N
15.080,0.65833333,N
15.091,0.64722222,N
15.101,0.64444444,N
15.112,0.66666667,N
15.123,0.66666667,N
15.134,0.65833333,N
15.145,0.64166667,N
15.156,0.65277778,N
15.167,0.65000000,N
15.178,0.66944444,N
15.189,0.67500000,N
15.200,0.65000000,N
15.211,0.64166667,N
15.222,0.66944444,N
15.233,0.67777778,N
15.244,0.66111111,N
15.255,0.64166667,N
15.266,0.64722222,N
15.277,0.64722222,N
15.287,0.66666667,N
15.299,0.67777778,N
15.310,0.64166667,N
15.321,0.63611111,N
15.331,0.65833333,N
15.342,0.67222222,N
15.353,0.65000000,N
15.364,0.63333333,N
15.375,0.65277778,N
15.386,0.65000000,N
15.396,0.65833333,N
15.407,0.66666667,N
15.419,0.65277778,N
15.429,0.64166667,N
15.440,0.65277778,N
15.451,0.67500000,N
15.462,0.65000000,N
15.473,0.63888889,N
15.484,0.64444444,N
15.494,0.66111111,N
15.506,0.65555556,N
15.516,0.65277778,N
15.527,0.65277778,N
15.538,0.64166667,N
15.549,0.64166667,N
15.560,0.67222222,N
15.571,0.66944444,N
15.582,0.65555556,N
15.593,0.65000000,N
15.604,0.65833333,N
15.615,0.65833333,N
15.626,0.67500000,N
15.637,0.67222222,N
15.648,0.66111111,N
15.659,0.65000000,N
15.670,0.67222222,N
15.681,0.68055556,N
15.693,0.67222222,N
15.704,0.65000000,N
15.715,0.65000000,N
15.725,0.65000000,N
15.736,0.67222222,N
15.747,0.67777778,N
15.759,0.64722222,N
15.769,0.64722222,N
15.780,0.67777778,N
15.792,0.68888889,N
15.803,0.66111111,N
15.814,0.65000000,N
15.825,0.65833333,N
15.836,0.65833333,N
15.847,0.66944444,N
15.858,0.68333333,N
15.869,0.64444444,N
15.880,0.64444444,N
15.891,0.66666667,N
15.902,0.68333333,N
15.913,0.65277778,N
15.924,0.63611111,N
15.935,0.64722222,N
15.946,0.65277778,N
15.957,0.65833333,N
15.967,0.67222222,N
15.979,0.64722222,N
15.989,0.64722222,N
16.000,0.64722222,N
16.011,0.68055556,N
16.022,0.65277778,N
16.033,0.64722222,N
16.044,0.65000000,N
16.055,0.66666667,N
16.066,0.65277778,N
16.077,0.66388889,N
16.088,0.66666667,N
16.099,0.65833333,N
16.110,0.64444444,N
16.121,0.67500000,N
16.132,0.66666667,N
16.143,0.66111111,N
16.154,0.64444444,N
16.165,0.66944444,N
16.176,0.66666667,N
16.187,0.67500000,N
16.198,0.67222222,N
16.210,0.67777778,N
16.221,0.65833333,N
16.232,0.69444444,N
16.243,0.68333333,N
16.255,0.67777778,N
16.266,0.66388889,N
16.277,0.68055556,N
16.289,0.66944444,N
16.300,0.68333333,N
16.311,0.67222222,N
16.322,0.66666667,N
16.333,0.65277778,N
16.344,0.68055556,N
16.356,0.66111111,N
16.367,0.66666667,N
16.378,0.65277778,N
16.389,0.66388889,N
16.400,0.65277778,N
16.411,0.67500000,N
16.422,0.67222222,N
16.433,0.66111111,N
16.444,0.64722222,N
16.455,0.68333333,N
16.466,0.67777778,N
16.478,0.66666667,N
16.489,0.65000000,N
16.499,0.66388889,N
16.511,0.65277778,N
16.521,0.67500000,N
16.533,0.66388889,N
16.544,0.65000000,N
16.555,0.64166667,N
16.565,0.68055556,N
16.577,0.67777778,N
16.588,0.66111111,N
16.599,0.64166667,N
16.610,0.65833333,N
16.621,0.65277778,N
16.631,0.66944444,N
16.643,0.67777778,N
16.654,0.65833333,N
16.665,0.64444444,N
16.676,0.67500000,N
16.687,0.68611111,N
16.698,0.67222222,N
16.710,0.64444444,N
16.720,0.65277778,N
16.731,0.65277778,N
16.742,0.66944444,N
16.753,0.67777778,N
16.764,0.65555556,N
16.775,0.64722222,N
16.786,0.66944444,N
16.797,0.68055556,N
16.809,0.66388889,N
16.820,0.64722222,N
16.831,0.65555556,N
16.841,0.65833333,N
16.852,0.67777778,N
16.864,0.68611111,N
16.875,0.65277778,N
16.886,0.64722222,N
16.897,0.66944444,N
16.908,0.68055556,N
16.919,0.65000000,N
16.930,0.63611111,N
16.941,0.64166667,N
16.951,0.64722222,N
16.962,0.66111111,N
16.973,0.67222222,N
16.984,0.64166667,N
16.995,0.64166667,N
17.006,0.65277778,N
17.017,0.68611111,N
17.028,0.64722222,N
17.039,0.64444444,N
17.050,0.65555556,N
17.061,0.65833333,N
17.072,0.65833333,N
17.083,0.67222222,N
17.094,0.45833333,V
17.101,0.84722222,N
17.116,0.65000000,N
17.126,0.67777778,N
17.138,0.64444444,N
17.148,0.64444444,N
17.159,0.63888889,N
17.170,0.66111111,N
17.181,0.64444444,N
17.192,0.66388889,N
17.203,0.65000000,N
17.213,0.65555556,N
17.224,0.63888889,N
17.235,0.67777778,N
17.246,0.67222222,N
17.258,0.66111111,N
17.269,0.63055556,N
17.279,0.65277778,N
17.290,0.64444444,N
17.301,0.66111111,N
17.312,0.66111111,N
17.323,0.64166667,N
17.333,0.63055556,N
17.344,0.65555556,N
17.355,0.67222222,N
17.366,0.65277778,N
17.377,0.62777778,N
17.387,0.64166667,N
17.398,0.64444444,N
17.409,0.66111111,N
17.420,0.66388889,N
17.431,0.63888889,N
17.442,0.64166667,N
17.452,0.64444444,N
17.463,0.66666667,N
17.474,0.63611111,N
17.485,0.64444444,N
17.495,0.63611111,N
17.506,0.64722222,N
17.517,0.63333333,N
17.527,0.65277778,N
17.538,0.64444444,N
17.549,0.65277778,N
17.560,0.63055556,N
17.570,0.67222222,N
17.582,0.66111111,N
17.593,0.66388889,N
17.604,0.64444444,N
17.614,0.66388889,N
17.626,0.65555556,N
17.636,0.67777778,N
17.648,0.68611111,N
17.659,0.66111111,N
17.670,0.63888889,N
17.681,0.67777778,N
17.692,0.68611111,N
17.704,0.66388889,N
17.715,0.63888889,N
17.725,0.65833333,N
17.736,0.65277778,N
17.747,0.67500000,N
17.758,0.67500000,N
17.770,0.66111111,N
17.781,0.65000000,N
17.791,0.67777778,N
17.803,0.68888889,N
17.814,0.67222222,N
17.825,0.65000000,N
17.836,0.67500000,N
17.848,0.66388889,N
17.859,0.67777778,N
17.870,0.68611111,N
17.881,0.66111111,N
17.892,0.65277778,N
17.903,0.68055556,N
17.915,0.68055556,N
17.926,0.67777778,N
17.937,0.65000000,N
17.948,0.66666667,N
17.959,0.66388889,N
17.970,0.69444444,N
17.982,0.68888889,N
17.993,0.66666667,N
18.004,0.65555556,N
18.015,0.68333333,N
18.027,0.69166667,N
18.038,0.67777778,N
18.050,0.65000000,N
18.060,0.66388889,N
18.071,0.65277778,N
18.082,0.68055556,N
18.094,0.68611111,N
18.105,0.65555556,N
18.116,0.63888889,N
18.127,0.67777778,N
18.138,0.67222222,N
18.149,0.65833333,N
18.160,0.63333333,N
18.171,0.65277778,N
18.182,0.64166667,N
18.192,0.65833333,N
18.203,0.66666667,N
18.214,0.64722222,N
18.225,0.63888889,N
18.236,0.67222222,N
18.247,0.69166667,N
18.259,0.66111111,N
18.270,0.63611111,N
18.280,0.66111111,N
18.291,0.65833333,N
18.302,0.67500000,N
18.313,0.67500000,N
18.325,0.65555556,N
18.336,0.65277778,N
18.346,0.66388889,N
18.358,0.69444444,N
18.369,0.66666667,N
18.380,0.65277778,N
18.391,0.66388889,N
18.402,0.66388889,N
18.413,0.68333333,N
18.425,0.69444444,N
18.436,0.66388889,N
18.447,0.65833333,N
18.458,0.67777778,N
18.469,0.69166667,N
18.481,0.67777778,N
18.492,0.64722222,N
18.503,0.66111111,N
18.514,0.65833333,N
18.525,0.68611111,N
18.537,0.68055556,N
18.548,0.66111111,N
18.559,0.64722222,N
18.570,0.67777778,N
18.581,0.68888889,N
18.592,0.66111111,N
18.603,0.63888889,N
18.614,0.66388889,N
18.625,0.65833333,N
18.636,0.67222222,N
18.647,0.68055556,N
18.659,0.65277778,N
18.670,0.64722222,N
18.680,0.66666667,N
18.691,0.68333333,N
18.703,0.66666667,N
18.714,0.64722222,N
18.725,0.66111111,N
18.736,0.66111111,N
18.747,0.67222222,N
18.758,0.67777778,N
18.769,0.66388889,N
18.780,0.65277778,N
18.791,0.66388889,N
18.802,0.68888889,N
18.814,0.67500000,N
18.825,0.65555556,N
18.836,0.66111111,N
18.847,0.67222222,N
18.858,0.67777778,N
18.869,0.67777778,N
18.881,0.66388889,N
18.892,0.65833333,N
18.903,0.66666667,N
18.914,0.69166667,N
18.925,0.67222222,N
18.937,0.64722222,N
18.947,0.65555556,N
18.958,0.66388889,N
18.969,0.67777778,N
18.981,0.67500000,N
18.992,0.65277778,N
19.003,0.65277778,N
19.014,0.66666667,N
19.025,0.68611111,N
19.036,0.66666667,N
19.047,0.65555556,N
19.058,0.65555556,N
19.069,0.66111111,N
19.080,0.66388889,N
19.091,0.66666667,N
19.102,0.66111111,N
19.113,0.65000000,N
19.124,0.64444444,N
19.135,0.66666667,N
19.146,0.65555556,N
19.157,0.65555556,N
19.168,0.64444444,N
19.179,0.64722222,N
19.190,0.64444444,N
19.200,0.66388889,N
19.211,0.67500000,N
19.223,0.65277778,N
19.233,0.63333333,N
19.244,0.67500000,N
19.255,0.66944444,N
19.266,0.65277778,N
19.277,0.63055556,N
19.288,0.65277778,N
19.299,0.65277778,N
19.310,0.66111111,N
19.321,0.66944444,N
19.332,0.64444444,N
19.343,0.63333333,N
19.353,0.65833333,N
19.364,0.68055556,N
19.375,0.66388889,N
19.386,0.64444444,N
19.397,0.66666667,N
19.408,0.66944444,N
19.419,0.68611111,N
19.431,0.69444444,N
19.442,0.66944444,N
19.454,0.66388889,N
19.465,0.66944444,N
19.476,0.69444444,N
19.487,0.67500000,N
19.499,0.65000000,N
19.509,0.66388889,N
19.521,0.66388889,N
19.532,0.67500000,N
19.543,0.68611111,N
19.554,0.65833333,N
19.565,0.65555556,N
19.576,0.67777778,N
19.587,0.69444444,N
19.599,0.67777778,N
19.610,0.65555556,N
19.621,0.66388889,N
19.632,0.66388889,N
19.643,0.68888889,N
19.655,0.69444444,N
19.666,0.65833333,N
19.677,0.65555556,N
19.688,0.68055556,N
19.700,0.69166667,N
19.711,0.66666667,N
19.722,0.65000000,N
19.733,0.66111111,N
19.744,0.65833333,N
19.755,0.67777778,N
19.766,0.68611111,N
19.778,0.65833333,N
19.789,0.64722222,N
19.800,0.68055556,N
19.811,0.68333333,N
19.822,0.66388889,N
19.833,0.64444444,N
19.844,0.65833333,N
19.855,0.65277778,N
19.866,0.66388889,N
19.877,0.68333333,N
19.889,0.66111111,N
19.900,0.64722222,N
19.910,0.66944444,N
19.921,0.69166667,N
19.933,0.66388889,N
19.944,0.64444444,N
19.955,0.65833333,N
19.966,0.66111111,N
19.977,0.67777778,N
19.988,0.69166667,N
20.000,0.65833333,N
20.011,0.65277778,N
20.021,0.67777778,N
20.033,0.69722222,N
20.044,0.67500000,N
20.056,0.64444444,N
20.066,0.65277778,N
20.077,0.65833333,N
20.088,0.67222222,N
20.099,0.68333333,N
20.111,0.65555556,N
20.122,0.65833333,N
20.133,0.68611111,N
20.144,0.70277778,N
20.156,0.68611111,N
20.167,0.67500000,N
20.179,0.68611111,N
20.190,0.67222222,N
20.201,0.69166667,N
20.213,0.69166667,N
20.224,0.66944444,N
20.235,0.66666667,N
20.247,0.69166667,N
20.258,0.68888889,N
20.270,0.67500000,N
20.281,0.67500000,N
20.292,0.67777778,N
20.303,0.66944444,N
20.314,0.68333333,N
20.326,0.67777778,N
20.337,0.66388889,N
20.348,0.65555556,N
20.359,0.68333333,N
20.371,0.68333333,N
20.382,0.67222222,N
20.393,0.65277778,N
20.404,0.66666667,N
20.415,0.65833333,N
20.426,0.66944444,N
20.437,0.68055556,N
20.449,0.65833333,N
20.460,0.64444444,N
20.470,0.67222222,N
20.482,0.68333333,N
20.493,0.66388889,N
20.504,0.64444444,N
20.515,0.64722222,N
20.526,0.65000000,N
20.536,0.65833333,N
20.547,0.66388889,N
20.558,0.64444444,N
20.569,0.63888889,N
20.580,0.66388889,N
20.591,0.67500000,N
20.602,0.65833333,N
20.613,0.64166667,N
20.624,0.65277778,N
20.635,0.65555556,N
20.646,0.66944444,N
20.657,0.67222222,N
20.668,0.64166667,N
20.679,0.64722222,N
20.689,0.65000000,N
20.700,0.67500000,N
20.711,0.64444444,N
20.722,0.64444444,N
20.733,0.63611111,N
20.744,0.65000000,N
20.754,0.65833333,N
20.765,0.66944444,N
20.777,0.65555556,N
20.787,0.65277778,N
20.798,0.65000000,N
20.809,0.68055556,N
20.821,0.66111111,N
20.832,0.65555556,N
20.842,0.65000000,N
20.853,0.66111111,N
20.864,0.64722222,N
20.875,0.66666667,N
20.886,0.66388889,N
20.897,0.65555556,N
20.908,0.64166667,N
20.919,0.67222222,N
20.930,0.66944444,N
20.941,0.65833333,N
20.952,0.65833333,N
20.963,0.67222222,N
20.974,0.65833333,N
20.985,0.67222222,N
20.997,0.67500000,N
21.008,0.65555556,N
21.019,0.64722222,N
21.030,0.67222222,N
21.041,0.67777778,N
21.052,0.66111111,N
21.063,0.64166667,N
21.074,0.65277778,N
21.085,0.65277778,N
21.096,0.66666667,N
21.107,0.68055556,N
21.118,0.65277778,N
21.129,0.64444444,N
21.140,0.66944444,N
21.151,0.68888889,N
21.162,0.67777778,N
21.174,0.65555556,N
21.184,0.66944444,N
21.196,0.66666667,N
21.207,0.68333333,N
21.218,0.68888889,N
21.230,0.66666667,N
21.241,0.66111111,N
21.252,0.68611111,N
21.263,0.68333333,N
21.275,0.66944444,N
21.286,0.64722222,N
21.296,0.65555556,N
21.307,0.65000000,N
21.318,0.66944444,N
21.329,0.67500000,N
21.341,0.65277778,N
21.352,0.65000000,N
21.362,0.68333333,N
21.374,0.68611111,N
21.385,0.67222222,N
21.396,0.66111111,N
21.407,0.66666667,N
21.419,0.66944444,N
21.430,0.67777778,N
21.441,0.69166667,N
21.453,0.67222222,N
21.464,0.65555556,N
21.475,0.68611111,N
21.486,0.69444444,N
21.498,0.67777778,N
21.509,0.66388889,N
21.520,0.45833333,V
21.528,0.89444444,N
21.543,0.68333333,N
21.554,0.67777778,N
21.565,0.66111111,N
21.576,0.65000000,N
21.587,0.67500000,N
21.598,0.66666667,N
21.609,0.66388889,N
21.621,0.64722222,N
21.631,0.66111111,N
21.642,0.66111111,N
21.653,0.67222222,N
21.665,0.66666667,N
21.676,0.66666667,N
21.687,0.65277778,N
21.698,0.68888889,N
21.709,0.68055556,N
21.720,0.66666667,N
21.732,0.65555556,N
21.742,0.67500000,N
21.754,0.66388889,N
21.765,0.68055556,N
21.776,0.67500000,N
21.787,0.66388889,N
21.798,0.65833333,N
21.809,0.68888889,N
21.821,0.67500000,N
21.832,0.67500000,N
21.843,0.66388889,N
21.854,0.67777778,N
21.866,0.65833333,N
21.877,0.67777778,N
21.888,0.67500000,N
21.899,0.66666667,N
21.910,0.65000000,N
21.921,0.68055556,N
21.933,0.67222222,N
21.944,0.66111111,N
21.955,0.65000000,N
21.966,0.66944444,N
21.977,0.65277778,N
21.988,0.67222222,N
21.999,0.67222222,N
22.010,0.65833333,N
22.021,0.65277778,N
22.032,0.68888889,N
22.043,0.67777778,N
22.055,0.66944444,N
22.066,0.65000000,N
22.077,0.66666667,N
22.088,0.66111111,N
22.099,0.67500000,N
22.110,0.67777778,N
22.121,0.66388889,N
22.132,0.64444444,N
22.143,0.67777778,N
22.154,0.67777778,N
22.166,0.66666667,N
22.177,0.65555556,N
22.188,0.66944444,N
22.199,0.66388889,N
22.210,0.68611111,N
22.221,0.68888889,N
22.233,0.68611111,N
22.244,0.66944444,N
22.256,0.69444444,N
22.267,0.69166667,N
22.279,0.68888889,N
22.290,0.67222222,N
22.301,0.68333333,N
22.313,0.67222222,N
22.324,0.69444444,N
22.336,0.68333333,N
22.347,0.67500000,N
22.358,0.66944444,N
22.369,0.70000000,N
22.381,0.68055556,N
22.392,0.67777778,N
22.404,0.65833333,N
22.415,0.68333333,N
22.426,0.67500000,N
22.437,0.68888889,N
22.449,0.66944444,N
22.460,0.67222222,N
22.471,0.65555556,N
22.482,0.69444444,N
22.494,0.66111111,N
22.505,0.66111111,N
22.526,0.66944444,N
22.538,0.65833333,N
22.549,0.68055556,N
22.571,0.66666667,N
22.582,0.65555556,N
22.593,0.68611111,N
22.604,0.65833333,N
22.615,0.65555556,N
22.626,0.65277778,N
22.637,0.67777778,N
22.649,0.65833333,N
22.660,0.67777778,N
22.671,0.66944444,N
22.682,0.67777778,N
22.693,0.66666667,N
22.704,0.70833333,N
22.716,0.68333333,N
22.728,0.67222222,N
22.739,0.65277778,N
22.750,0.67777778,N
22.761,0.67500000,N
22.772,0.68611111,N
22.784,0.65555556,N
22.795,0.66111111,N
22.806,0.66666667,N
22.817,0.70833333,N
22.829,0.67777778,N
22.840,0.66944444,N
22.862,0.68333333,N
22.874,0.68333333,N
22.885,0.69722222,N
22.897,0.66944444,N
22.908,0.67222222,N
22.919,0.67777778,N
22.930,0.70000000,N
22.942,0.66944444,N
22.953,0.66388889,N
22.964,0.66944444,N
22.975,0.67222222,N
22.986,0.67777778,N
22.998,0.69444444,N
23.009,0.66111111,N
23.020,0.65277778,N
23.031,0.66944444,N
23.042,0.69166667,N
23.054,0.65555556,N
23.065,0.63888889,N
23.075,0.64722222,N
23.086,0.64722222,N
23.097,0.65833333,N
23.108,0.66944444,N
23.119,0.63611111,N
23.130,0.63055556,N
23.140,0.63055556,N
23.151,0.66388889,N
23.162,0.63333333,N
23.172,0.62777778,N
23.183,0.61666667,N
23.193,0.64444444,N
23.204,0.62777778,N
23.214,0.64166667,N
23.225,0.63055556,N
23.236,0.63611111,N
23.246,0.61944444,N
23.256,0.64444444,N
23.267,0.64722222,N
23.278,0.63611111,N
23.289,0.61944444,N
23.299,0.63055556,N
23.309,0.63333333,N
23.320,0.65000000,N
23.331,0.65555556,N
23.342,0.63055556,N
23.352,0.63888889,N
23.363,0.64444444,N
23.374,0.66666667,N
23.385,0.63888889,N
23.395,0.63611111,N
23.406,0.63055556,N
23.417,0.64722222,N
23.427,0.63611111,N
23.438,0.65000000,N
23.449,0.63333333,N
23.459,0.62777778,N
23.470,0.61388889,N
23.480,0.64444444,N
23.491,0.64166667,N
23.501,0.63055556,N
23.512,0.60833333,N
23.522,0.61388889,N
23.532,0.61388889,N
23.543,0.62500000,N
23.553,0.64444444,N
23.564,0.61388889,N
23.574,0.61388889,N
23.584,0.61388889,N
23.594,0.65000000,N
23.605,0.62500000,N
23.616,0.62777778,N
23.626,0.61388889,N
23.636,0.62777778,N
23.647,0.61388889,N
23.657,0.63333333,N
23.668,0.63888889,N
23.678,0.60833333,N
23.688,0.60555556,N
23.698,0.62222222,N
23.709,0.64444444,N
23.720,0.60555556,N
23.730,0.61111111,N
23.740,0.59722222,N
23.750,0.62500000,N
23.760,0.61111111,N
23.770,0.63333333,N
23.781,0.63611111,N
23.792,0.62222222,N
23.802,0.61944444,N
23.812,0.63333333,N
23.823,0.65833333,N
23.834,0.63055556,N
23.844,0.61944444,N
23.855,0.62777778,N
23.865,0.63611111,N
23.876,0.64722222,N
23.886,0.65000000,N
23.897,0.63611111,N
23.908,0.63888889,N
23.919,0.62777778,N
23.929,0.65555556,N
23.940,0.64722222,N
23.951,0.65277778,N
23.962,0.62777778,N
23.972,0.65277778,N
23.983,0.63888889,N
23.994,0.66388889,N
24.005,0.65555556,N
24.016,0.64444444,N
24.026,0.62777778,N
24.037,0.66111111,N
24.048,0.65833333,N
24.059,0.64722222,N
24.070,0.62777778,N
24.091,0.64444444,N
24.102,0.66111111,N
24.113,0.67777778,N
24.124,0.65277778,N
24.135,0.65000000,N
24.146,0.67777778,N
24.157,0.69722222,N
24.169,0.67777778,N
24.180,0.65833333,N
24.191,0.68055556,N
24.202,0.67500000,N
24.213,0.69444444,N
24.225,0.70555556,N
24.237,0.69166667,N
24.248,0.66388889,N
24.259,0.68888889,N
24.271,0.70000000,N
24.283,0.68888889,N
24.294,0.65277778,N
24.305,0.67777778,N
24.316,0.67222222,N
24.327,0.68611111,N
24.339,0.67500000,N
24.350,0.67777778,N
24.361,0.65833333,N
24.372,0.70000000,N
24.384,0.68611111,N
24.395,0.68055556,N
24.407,0.65833333,N
24.418,0.68055556,N
24.429,0.67500000,N
24.440,0.69166667,N
24.452,0.67500000,N
24.463,0.66944444,N
24.474,0.66944444,N
24.485,0.70833333,N
24.497,0.67500000,N
24.509,0.67222222,N
24.520,0.66388889,N
24.531,0.67500000,N
24.542,0.66666667,N
24.553,0.68333333,N
24.565,0.66388889,N
24.576,0.66944444,N
24.587,0.66111111,N
24.598,0.69166667,N
24.609,0.66388889,N
24.620,0.66388889,N
24.631,0.66388889,N
24.642,0.67222222,N
24.654,0.66944444,N
24.665,0.68055556,N
24.676,0.66388889,N
24.687,0.65555556,N
24.698,0.65000000,N
24.709,0.68611111,N
24.720,0.64722222,N
24.731,0.64444444,N
24.742,0.63333333,N
24.753,0.66111111,N
24.764,0.65555556,N
24.774,0.66111111,N
24.786,0.65277778,N
24.796,0.66111111,N
24.807,0.64722222,N
24.818,0.68888889,N
24.830,0.66944444,N
24.841,0.66666667,N
24.852,0.65833333,N
24.863,0.68333333,N
24.874,0.67222222,N
24.886,0.68888889,N
24.897,0.66666667,N
24.908,0.67222222,N
24.919,0.66944444,N
24.930,0.69722222,N
24.942,0.67777778,N
24.953,0.67777778,N
24.965,0.67500000,N
24.976,0.68888889,N
24.987,0.69722222,N
24.999,0.70277778,N
25.011,0.67777778,N
25.022,0.67500000,N
25.033,0.69444444,N
25.045,0.71111111,N
25.057,0.68611111,N
25.068,0.66111111,N
25.079,0.67500000,N
25.090,0.66666667,N
25.102,0.68333333,N
25.113,0.68888889,N
25.124,0.65833333,N
25.135,0.64444444,N
25.146,0.67500000,N
25.157,0.68888889,N
25.169,0.66388889,N
25.180,0.64444444,N
25.191,0.66111111,N
25.202,0.65833333,N
25.213,0.67222222,N
25.224,0.68333333,N
25.235,0.66111111,N
25.246,0.65277778,N
25.257,0.66666667,N
25.268,0.68611111,N
25.280,0.66111111,N
25.291,0.63611111,N
25.301,0.64444444,N
25.312,0.65833333,N
25.323,0.65555556,N
25.334,0.66388889,N
25.345,0.65277778,N
25.356,0.65833333,N
25.367,0.65555556,N
25.378,0.68611111,N
25.389,0.66111111,N
25.400,0.66111111,N
25.411,0.65833333,N
25.422,0.67222222,N
25.433,0.67777778,N
25.445,0.68611111,N
25.456,0.66666667,N
25.467,0.66388889,N
25.478,0.66111111,N
25.489,0.69444444,N
25.501,0.66666667,N
25.512,0.65833333,N
25.523,0.65277778,N
25.534,0.66944444,N
25.545,0.66666667,N
25.556,0.68055556,N
25.567,0.66388889,N
25.579,0.66388889,N
25.590,0.66944444,N
25.601,0.70000000,N
25.612,0.67222222,N
25.624,0.66944444,N
25.635,0.67222222,N
25.646,0.68055556,N
25.657,0.68055556,N
25.669,0.68333333,N
25.680,0.66388889,N
25.691,0.66388889,N
25.702,0.66666667,N
25.713,0.69166667,N
25.725,0.66388889,N
25.736,0.65000000,N
25.747,0.65833333,N
25.758,0.66388889,N
25.769,0.67500000,N
25.780,0.67777778,N
25.791,0.65833333,N
25.802,0.65555556,N
25.813,0.66388889,N
25.824,0.69166667,N
25.836,0.67222222,N
25.847,0.65277778,N
25.858,0.65000000,N
25.869,0.66388889,N
25.880,0.66388889,N
25.891,0.67222222,N
25.902,0.65000000,N
25.913,0.64444444,N
25.924,0.65000000,N
25.934,0.68611111,N
25.946,0.65555556,N
25.957,0.64722222,N
25.968,0.64722222,N
25.978,0.66666667,N
25.990,0.66944444,N
26.001,0.66666667,N
26.012,0.65000000,N
26.023,0.65277778,N
26.034,0.65555556,N
26.044,0.68611111,N
26.056,0.65277778,N
26.067,0.65277778,N
26.078,0.65277778,N
26.089,0.66388889,N
26.100,0.66111111,N
26.111,0.67222222,N
26.122,0.65277778,N
26.133,0.65277778,N
26.144,0.63888889,N
26.154,0.67777778,N
26.166,0.65555556,N
26.176,0.65000000,N
26.187,0.64444444,N
26.198,0.65833333,N
26.209,0.64444444,N
26.220,0.66944444,N
26.231,0.66111111,N
26.242,0.65833333,N
26.253,0.64444444,N
26.264,0.67500000,N
26.275,0.66666667,N
26.286,0.65833333,N
26.297,0.63611111,N
26.308,0.66666667,N
26.319,0.64444444,N
26.329,0.66111111,N
26.340,0.65555556,N
26.351,0.66388889,N
26.362,0.64444444,N
26.373,0.67777778,N
26.384,0.67222222,N
26.396,0.67500000,N
26.407,0.65000000,N
26.418,0.66944444,N
26.429,0.66944444,N
26.440,0.68333333,N
26.451,0.67500000,N
26.463,0.66944444,N
26.474,0.65277778,N
26.485,0.68333333,N
26.496,0.67500000,N
26.507,0.67500000,N
26.519,0.65277778,N
26.529,0.66111111,N
26.541,0.65277778,N
26.551,0.68055556,N
26.563,0.66944444,N
26.574,0.65833333,N
26.585,0.65000000,N
26.596,0.68055556,N
26.607,0.67222222,N
26.618,0.67777778,N
26.630,0.65000000,N
26.640,0.66944444,N
26.652,0.65000000,N
26.662,0.68333333,N
26.674,0.67777778,N
26.685,0.66111111,N
26.696,0.64444444,N
26.707,0.69166667,N
26.718,0.68333333,N
26.730,0.66944444,N
26.741,0.65277778,N
26.752,0.66944444,N
26.763,0.65833333,N
26.774,0.67777778,N
26.785,0.67777778,N
26.796,0.67222222,N
26.808,0.65000000,N
26.819,0.68888889,N
26.830,0.69166667,N
26.842,0.68055556,N
26.853,0.65277778,N
26.864,0.67500000,N
26.875,0.65833333,N
26.886,0.68333333,N
26.897,0.67777778,N
26.909,0.67222222,N
26.920,0.65000000,N
26.931,0.67777778,N
26.942,0.67222222,N
26.953,0.66666667,N
26.964,0.65555556,N
26.975,0.65833333,N
26.986,0.65277778,N
26.997,0.67500000,N
27.008,0.67777778,N
27.020,0.66388889,N
27.031,0.64722222,N
27.041,0.68333333,N
27.053,0.68333333,N
27.064,0.66944444,N
27.075,0.64444444,N
27.086,0.67222222,N
27.097,0.65833333,N
27.108,0.68055556,N
27.120,0.67777778,N
27.131,0.66388889,N
27.142,0.64722222,N
27.153,0.68055556,N
27.164,0.67222222,N
27.175,0.66666667,N
27.186,0.64722222,N
27.197,0.66944444,N
27.208,0.65277778,N
27.219,0.68611111,N
27.231,0.68333333,N
27.242,0.67500000,N
27.253,0.65277778,N
27.264,0.68888889,N
27.276,0.68611111,N
27.287,0.67777778,N
27.298,0.66111111,N
27.309,0.68055556,N
27.321,0.65555556,N
27.332,0.68055556,N
27.343,0.68333333,N
27.354,0.66944444,N
27.366,0.65000000,N
27.376,0.68888889,N
27.388,0.68888889,N
27.399,0.67500000,N
27.411,0.65000000,N
27.422,0.67500000,N
27.433,0.66666667,N
27.444,0.68333333,N
27.455,0.67500000,N
27.467,0.66666667,N
27.478,0.65277778,N
27.489,0.68888889,N
27.500,0.67500000,N
27.511,0.66666667,N
27.522,0.64166667,N
27.533,0.65833333,N
27.544,0.65000000,N
27.555,0.66944444,N
27.566,0.65555556,N
27.577,0.65000000,N
27.588,0.65277778,N
27.599,0.67777778,N
27.610,0.66388889,N
27.621,0.66666667,N
27.632,0.65277778,N
27.643,0.66666667,N
27.654,0.65277778,N
27.665,0.67777778,N
27.676,0.67500000,N
27.688,0.66111111,N
27.699,0.65000000,N
27.709,0.68333333,N
27.721,0.66388889,N
27.732,0.65833333,N
27.743,0.64722222,N
27.754,0.66388889,N
27.765,0.65277778,N
27.776,0.67777778,N
27.787,0.68055556,N
27.798,0.67222222,N
27.809,0.65833333,N
27.820,0.69722222,N
27.832,0.69166667,N
27.844,0.68055556,N
27.855,0.66944444,N
27.866,0.68888889,N
27.878,0.67777778,N
27.889,0.68888889,N
27.900,0.68055556,N
27.912,0.67500000,N
27.923,0.66944444,N
27.934,0.69722222,N
27.946,0.67500000,N
27.957,0.66111111,N
27.968,0.67222222,N
27.979,0.68055556,N
27.990,0.68333333,N
28.002,0.69166667,N
28.013,0.66666667,N
28.024,0.66944444,N
28.036,0.67777778,N
28.047,0.70000000,N
28.059,0.67777778,N
28.070,0.65555556,N
28.081,0.66666667,N
28.092,0.66388889,N
28.103,0.68888889,N
28.114,0.68055556,N
28.126,0.65555556,N
28.137,0.65555556,N
28.148,0.66666667,N
28.159,0.68611111,N
28.170,0.67222222,N
28.181,0.65000000,N
28.192,0.65833333,N
28.203,0.65833333,N
28.214,0.67777778,N
28.226,0.68611111,N
28.237,0.66111111,N
28.248,0.64722222,N
28.259,0.66944444,N
28.270,0.68611111,N
28.281,0.65833333,N
28.292,0.64444444,N
28.303,0.65277778,N
28.314,0.65555556,N
28.325,0.66388889,N
28.336,0.66111111,N
28.347,0.65000000,N
28.358,0.64444444,N
28.369,0.65000000,N
28.379,0.68333333,N
28.391,0.65277778,N
28.402,0.64722222,N
28.412,0.65000000,N
28.423,0.66666667,N
28.434,0.65833333,N
28.445,0.66388889,N
28.456,0.65833333,N
28.467,0.66111111,N
28.478,0.64166667,N
28.489,0.46388889,V
28.497,0.86944444,N
28.511,0.66111111,N
28.522,0.63888889,N
28.533,0.64444444,N
28.544,0.63611111,N
28.554,0.66111111,N
28.565,0.66111111,N
28.576,0.65277778,N
28.587,0.63333333,N
28.598,0.66388889,N
28.609,0.66666667,N
28.620,0.66111111,N
28.631,0.63055556,N
28.641,0.65000000,N
28.652,0.64166667,N
28.663,0.66388889,N
28.674,0.66111111,N
28.685,0.65000000,N
28.696,0.63611111,N
28.707,0.67222222,N
28.718,0.67500000,N
28.729,0.65277778,N
28.740,0.57222222,N
28.749,0.72500000,N
28.761,0.66111111,N
28.773,0.68333333,N
28.784,0.68611111,N
28.795,0.66111111,N
28.806,0.65277778,N
28.817,0.67500000,N
28.828,0.69166667,N
28.840,0.67222222,N
28.851,0.65000000,N
28.862,0.66944444,N
28.873,0.65833333,N
28.884,0.68333333,N
28.896,0.69166667,N
28.907,0.67222222,N
28.918,0.65277778,N
28.929,0.68611111,N
28.941,0.70277778,N
28.952,0.68888889,N
28.964,0.66666667,N
28.975,0.68611111,N
28.986,0.67500000,N
28.998,0.69722222,N
29.009,0.69444444,N
29.021,0.67777778,N
29.032,0.66944444,N
29.043,0.70555556,N
29.055,0.68888889,N
29.066,0.68055556,N
29.078,0.66111111,N
29.089,0.67500000,N
29.100,0.66666667,N
29.111,0.68055556,N
29.123,0.66111111,N
29.134,0.65833333,N
29.145,0.65555556,N
29.155,0.68333333,N
29.167,0.66111111,N
29.178,0.65833333,N
29.189,0.64444444,N
29.200,0.65555556,N
29.211,0.64166667,N
29.221,0.66111111,N
29.232,0.65277778,N
29.243,0.65277778,N
29.254,0.63333333,N
29.265,0.66111111,N
29.276,0.65555556,N
29.286,0.65277778,N
29.297,0.63333333,N
29.308,0.64444444,N
29.319,0.63333333,N
29.329,0.66666667,N
29.340,0.66666667,N
29.351,0.64444444,N
29.362,0.63611111,N
29.373,0.66944444,N
29.384,0.68333333,N
29.395,0.66666667,N
29.406,0.64166667,N
29.417,0.66666667,N
29.428,0.66388889,N
29.439,0.68611111,N
29.451,0.68888889,N
29.462,0.67777778,N
29.474,0.65000000,N
29.484,0.69166667,N
29.496,0.69166667,N
29.507,0.67777778,N
29.519,0.65555556,N
29.530,0.67777778,N
29.541,0.66944444,N
29.552,0.68888889,N
29.564,0.68055556,N
29.575,0.68333333,N
29.586,0.66944444,N
29.597,0.69722222,N
29.609,0.68333333,N
29.620,0.69166667,N
29.632,0.67500000,N
29.643,0.68611111,N
29.655,0.67777778,N
29.666,0.69722222,N
29.678,0.68055556,N
29.689,0.67222222,N
29.700,0.67777778,N
29.711,0.70555556,N
29.723,0.68055556,N
29.735,0.67222222,N
29.746,0.65833333,N
29.757,0.67500000,N
29.768,0.68055556,N
29.779,0.68888889,N
29.791,0.66388889,N
29.802,0.65555556,N
29.813,0.66944444,N
29.824,0.70277778,N
29.836,0.66944444,N
29.847,0.65555556,N
29.858,0.66666667,N
29.869,0.67500000,N
29.880,0.67500000,N
29.891,0.68611111,N
29.903,0.67222222,N
29.914,0.66111111,N
29.925,0.66944444,N
29.936,0.69722222,N
29.948,0.66666667,N
29.959,0.65277778,N
29.970,0.66388889,N
29.981,0.66944444,N
29.992,0.67777778,N
30.003,0.68055556,N
30.015,0.66666667,N
30.026,0.66944444,N
30.037,0.67500000,N
30.048,0.70000000,N
30.060,0.67777778,N
30.071,0.65555556,N
